{"age":{"count":51595.0,"mean":32.2931873244,"std":9.4027400184,"min":18.0,"25%":26.0,"50%":30.0,"75%":37.0,"max":109.0},"#words":{"count":51595.0,"mean":283.416164357,"std":228.7218329411,"min":1.0,"25%":137.0,"50%":235.0,"75%":371.0,"max":11101.0},"#sentences":{"count":51595.0,"mean":14.5098943696,"std":10.9038246786,"min":1.0,"25%":7.0,"50%":12.0,"75%":19.0,"max":260.0},"#anwps":{"count":51595.0,"mean":21.5739369364,"std":15.9280620862,"min":1.0,"25%":14.5,"50%":18.6470588235,"75%":24.2857142857,"max":626.0}}